,Dates,Mean_global_active_power
0,16/12/2006,3.054658227848103
1,17/12/2006,2.355930507296734
2,18/12/2006,1.5311966643502406
3,19/12/2006,1.1575719249478809
4,20/12/2006,1.5454204308547597
5,21/12/2006,1.1944453723034094
6,22/12/2006,1.6268366921473238
7,23/12/2006,3.3133620569840154
8,24/12/2006,1.7716622654621312
9,25/12/2006,1.9043571924947917
10,26/12/2006,2.733480194579569
11,27/12/2006,1.06221403752606
12,28/12/2006,1.4394051424600418
13,29/12/2006,2.2058207088255712
14,30/12/2006,1.9404050104384143
15,31/12/2006,2.426372480889506
16,1/1/2007,1.9100375260597746
17,2/1/2007,0.8811521890201532
18,3/1/2007,0.7039152189020157
19,4/1/2007,2.264225156358576
20,5/1/2007,1.8843780403057628
21,6/1/2007,1.04716191799861
22,7/1/2007,1.6999555246699112
23,8/1/2007,1.5573634468380804
24,9/1/2007,1.2985892981236962
25,10/1/2007,1.4971202223766478
26,11/1/2007,1.5663029881862407
27,12/1/2007,1.0153412091730385
28,13/1/2007,2.2106435024322435
29,14/1/2007,2.090774687065367
30,15/1/2007,1.4919054899235566
31,16/1/2007,1.1717317581653925
32,17/1/2007,1.9779569145239742
33,18/1/2007,1.265617790132037
34,19/1/2007,1.0279457956914542
35,20/1/2007,2.17592494788047
36,21/1/2007,2.367648366921472
37,22/1/2007,1.5142126476719946
38,23/1/2007,1.23358999305073
39,24/1/2007,2.0753620569840154
40,25/1/2007,1.1091327310632366
41,26/1/2007,1.1223544127866563
42,27/1/2007,1.4170493398193194
43,28/1/2007,2.1487468706536776
44,29/1/2007,1.3768172341904101
45,30/1/2007,1.186414176511465
46,31/1/2007,1.642408617095206
47,1/2/2007,1.2671577484364143
48,2/2/2007,1.1563974982626808
49,3/2/2007,2.7979986101459318
50,4/2/2007,2.4986685198054217
51,5/2/2007,1.1430646282140373
52,6/2/2007,0.884764419735928
53,7/2/2007,1.6175274496177907
54,8/2/2007,1.2515510771369007
55,9/2/2007,1.1256164002779716
56,10/2/2007,1.9641306462821402
57,11/2/2007,2.4807713690062534
58,12/2/2007,1.304575399583044
59,13/2/2007,0.9828394718554554
60,14/2/2007,1.7361459346768564
61,15/2/2007,1.3785517720639318
62,16/2/2007,1.1817484364141748
63,17/2/2007,1.4406490618485075
64,18/2/2007,2.66113968033357
65,19/2/2007,1.5178234885337025
66,20/2/2007,2.1887546907574733
67,21/2/2007,1.4372981236970137
68,22/2/2007,2.3438329853862183
69,23/2/2007,0.9122779708130664
70,24/2/2007,0.49659346768589413
71,25/2/2007,0.34838498957609526
72,26/2/2007,0.3948950660180681
73,27/2/2007,0.35976928422515453
74,28/2/2007,0.3617428769979159
75,1/3/2007,0.3594579569145251
76,2/3/2007,0.3581528839471859
77,3/3/2007,0.5690271021542743
78,4/3/2007,1.45264211257818
79,5/3/2007,1.848592077831828
80,6/3/2007,0.8652091730368296
81,7/3/2007,1.650311327310634
82,8/3/2007,1.0923571924947855
83,9/3/2007,0.8841667824878385
84,10/3/2007,1.7250548992355859
85,11/3/2007,2.418628214037527
86,12/3/2007,1.3554079221681727
87,13/3/2007,0.8962890896455896
88,14/3/2007,1.2456011118832522
89,15/3/2007,1.309260597637249
90,16/3/2007,1.1820444753300896
91,17/3/2007,1.4090854760250189
92,18/3/2007,1.647491313412089
93,19/3/2007,1.4956136205698394
94,20/3/2007,1.4488617095205003
95,21/3/2007,1.4853064628214045
96,22/3/2007,1.0101667824878386
97,23/3/2007,0.9095205003474635
98,24/3/2007,2.0604683808200157
99,25/3/2007,2.319087621696802
100,26/3/2007,0.9838540653231407
101,27/3/2007,0.7677831827658095
102,28/3/2007,1.6216483669214743
103,29/3/2007,1.1050118137595546
104,30/3/2007,0.9742974287699775
105,31/3/2007,2.436264072272412
106,1/4/2007,1.935013203613625
107,2/4/2007,1.361658095899933
108,3/4/2007,1.1413620569840146
109,4/4/2007,1.4256706045865164
110,5/4/2007,1.2805489923558027
111,6/4/2007,1.111873523280056
112,7/4/2007,1.0774162612925635
113,8/4/2007,1.1177984711605264
114,9/4/2007,0.6953648366921491
115,10/4/2007,0.5389562195969425
116,11/4/2007,0.6164781097984727
117,12/4/2007,0.3733940236275197
118,13/4/2007,0.38260736622654706
119,14/4/2007,0.38485615010424024
120,15/4/2007,0.5044127866574012
121,16/4/2007,0.6615969423210561
122,17/4/2007,0.8495066018068115
123,18/4/2007,0.6933676164002782
124,19/4/2007,0.7147519110493422
125,20/4/2007,0.5715510771369005
126,21/4/2007,1.162448922863098
127,22/4/2007,1.5519305072967344
128,23/4/2007,0.7326796386379426
129,24/4/2007,0.7170548992355799
130,25/4/2007,0.8783530229325917
131,26/4/2007,0.8862793606671304
132,27/4/2007,0.7595316191799851
133,28/4/2007,1.0827619047619048
134,29/4/2007,
135,30/4/2007,0.7312452173913042
136,1/5/2007,1.1559388464211249
137,2/5/2007,0.6950298818624049
138,3/5/2007,0.7574885337039606
139,4/5/2007,0.6934398888116765
140,5/5/2007,1.085353717859626
141,6/5/2007,1.4599485753995836
142,7/5/2007,1.141653926337735
143,8/5/2007,1.243230020847811
144,9/5/2007,1.1574357192494782
145,10/5/2007,0.49176650451702597
146,11/5/2007,0.6795705350938152
147,12/5/2007,1.001506601806808
148,13/5/2007,1.13583599722029
149,14/5/2007,1.0196414176511477
150,15/5/2007,0.6276122307157748
151,16/5/2007,1.176202918693537
152,17/5/2007,0.854964558721333
153,18/5/2007,1.1335830437804013
154,19/5/2007,0.9924294649061832
155,20/5/2007,1.3668366921473238
156,21/5/2007,0.778218207088257
157,22/5/2007,0.7870437804030571
158,23/5/2007,1.0178262682418373
159,24/5/2007,0.8019763724808905
160,25/5/2007,1.121608061153577
161,26/5/2007,1.0505559416261285
162,27/5/2007,1.4965587213342575
163,28/5/2007,1.1376511466296044
164,29/5/2007,0.7373412091730355
165,30/5/2007,1.117880472550382
166,31/5/2007,0.6519388464211262
167,1/6/2007,0.7264937413073703
168,2/6/2007,1.031245309242528
169,3/6/2007,1.4645615010423902
170,4/6/2007,0.6330938151494084
171,5/6/2007,1.0128617095205015
172,6/6/2007,1.1775535465924871
173,7/6/2007,0.6841959694232115
174,8/6/2007,1.4919444058373867
175,9/6/2007,0.7561641684511063
176,10/6/2007,0.9313273106323835
177,11/6/2007,0.5519263377345375
178,12/6/2007,0.6382918693537171
179,13/6/2007,0.6442501737317585
180,14/6/2007,0.8726796386379428
181,15/6/2007,0.687491313412092
182,16/6/2007,1.4008116747741488
183,17/6/2007,1.3529520500347478
184,18/6/2007,0.47131202223766666
185,19/6/2007,0.5860250521920661
186,20/6/2007,0.7463085476025042
187,21/6/2007,0.5605670604586511
188,22/6/2007,0.3934496177901314
189,23/6/2007,0.33170952050034835
190,24/6/2007,0.49614871438498775
191,25/6/2007,0.7448589298123693
192,26/6/2007,0.6564628214037508
193,27/6/2007,1.0288116747741471
194,28/6/2007,0.8999902710215418
195,29/6/2007,0.9067983310152985
196,30/6/2007,0.9261751216122297
197,1/7/2007,0.7132550382209865
198,2/7/2007,0.6718276580958988
199,3/7/2007,0.736204308547602
200,4/7/2007,0.6969673384294665
201,5/7/2007,0.7329895760945084
202,6/7/2007,0.7409061848505899
203,7/7/2007,0.9437053509381509
204,8/7/2007,0.7555608061153588
205,9/7/2007,0.8171341209173033
206,10/7/2007,0.6308617095204985
207,11/7/2007,0.5018332175121577
208,12/7/2007,0.7430368311327309
209,13/7/2007,0.5518012508686602
210,14/7/2007,0.8949673384294644
211,15/7/2007,0.699573720397249
212,16/7/2007,0.5931507991660874
213,17/7/2007,0.49992633773454
214,18/7/2007,0.5259666435024333
215,19/7/2007,0.47095760945100834
216,20/7/2007,0.771516330785268
217,21/7/2007,0.7358860319666445
218,22/7/2007,0.9565312934631436
219,23/7/2007,0.6885392633773452
220,24/7/2007,0.5725587213342603
221,25/7/2007,0.3283057678943738
222,26/7/2007,0.6423002084781108
223,27/7/2007,0.8347852675469072
224,28/7/2007,1.1270034746351643
225,29/7/2007,0.22307991660875667
226,30/7/2007,0.3235455177206377
227,31/7/2007,0.5644405837387065
228,1/8/2007,0.747698166431595
229,2/8/2007,0.7072272411396792
230,3/8/2007,0.73763168867269
231,4/8/2007,0.7938026407227224
232,5/8/2007,0.5468283530229298
233,6/8/2007,0.7549631688672683
234,7/8/2007,1.0296316886726902
235,8/8/2007,0.7797678943710867
236,9/8/2007,0.7445573314801958
237,10/8/2007,0.7129451007644204
238,11/8/2007,0.7573801250868692
239,12/8/2007,0.8607991660875638
240,13/8/2007,0.7996845031271712
241,14/8/2007,0.6526476719944412
242,15/8/2007,0.8267102154273739
243,16/8/2007,0.6640931202223717
244,17/8/2007,0.7016747741487203
245,18/8/2007,0.24168589298123702
246,19/8/2007,0.9882612925642813
247,20/8/2007,0.9302543432939547
248,21/8/2007,0.4463683113273122
249,22/8/2007,0.8405253648366949
250,23/8/2007,0.7723738707435714
251,24/8/2007,1.148342141863698
252,25/8/2007,0.7995955524669897
253,26/8/2007,0.9136358582348848
254,27/8/2007,0.8406212647671985
255,28/8/2007,0.6927046560111179
256,29/8/2007,0.519720639332871
257,30/8/2007,0.8353398193189738
258,31/8/2007,0.8888019457956892
259,1/9/2007,1.1811271716469767
260,2/9/2007,1.1540653231410694
261,3/9/2007,0.7210743571924945
262,4/9/2007,1.1012508686587914
263,5/9/2007,0.8576650451702591
264,6/9/2007,0.6263057678943721
265,7/9/2007,0.9283863794301572
266,8/9/2007,1.0206907574704658
267,9/9/2007,1.1661556636553174
268,10/9/2007,0.7762807505211979
269,11/9/2007,0.682544822793607
270,12/9/2007,0.8947421820708825
271,13/9/2007,0.7963849895760965
272,14/9/2007,0.7885420430854758
273,15/9/2007,0.760615705350939
274,16/9/2007,1.1472661570535099
275,17/9/2007,1.0152369701181365
276,18/9/2007,0.8111605281445453
277,19/9/2007,0.9024113968033352
278,20/9/2007,0.8715955524669877
279,21/9/2007,0.8606045865184158
280,22/9/2007,0.8172286309937452
281,23/9/2007,0.985305072967337
282,24/9/2007,0.9411660875608073
283,25/9/2007,1.2259444058373874
284,26/9/2007,1.2672025052192066
285,27/9/2007,0.9674788047255031
286,28/9/2007,1.1675566365531633
287,29/9/2007,1.5957164697706718
288,30/9/2007,1.0527922168172343
289,1/10/2007,1.1948978457261983
290,2/10/2007,1.5278498957609397
291,3/10/2007,0.8895149409312008
292,4/10/2007,1.055017373175816
293,5/10/2007,0.9685128561501036
294,6/10/2007,1.2202154273801262
295,7/10/2007,1.4634065323141052
296,8/10/2007,0.7608742182070877
297,9/10/2007,1.1727838776928416
298,10/10/2007,0.8107018763029871
299,11/10/2007,1.2028505906879778
300,12/10/2007,1.330289089645587
301,13/10/2007,1.3381042390548998
302,14/10/2007,1.4322487838776934
303,15/10/2007,0.8798054204308563
304,16/10/2007,1.3649186935371802
305,17/10/2007,1.0955927727588604
306,18/10/2007,1.0543627519110492
307,19/10/2007,1.4482849200833903
308,20/10/2007,1.1532244614315483
309,21/10/2007,1.3492230715774838
310,22/10/2007,1.148362751911052
311,23/10/2007,1.3590772442588723
312,24/10/2007,1.2946309937456573
313,25/10/2007,1.2874468380820012
314,26/10/2007,0.9986754690757482
315,27/10/2007,1.240710215427377
316,28/10/2007,0.3549576094510065
317,29/10/2007,0.37875886031966527
318,30/10/2007,0.5634468380819985
319,31/10/2007,0.8915205003474652
320,1/11/2007,0.344639332870049
321,2/11/2007,1.0030576789437102
322,3/11/2007,0.3420708825573309
323,4/11/2007,1.0322585128561488
324,5/11/2007,1.0418304378040317
325,6/11/2007,1.4469075747046578
326,7/11/2007,1.2818123697011838
327,8/11/2007,1.0429117442668512
328,9/11/2007,1.508685198054209
329,10/11/2007,1.811459346768588
330,11/11/2007,1.3111202223766507
331,12/11/2007,1.4981737317581636
332,13/11/2007,1.5386129256428103
333,14/11/2007,1.4222446143154959
334,15/11/2007,1.036662960389158
335,16/11/2007,1.6041917998610142
336,17/11/2007,1.811388464211254
337,18/11/2007,1.517395413481586
338,19/11/2007,1.1976608756080624
339,20/11/2007,1.4562251563585793
340,21/11/2007,1.2179582753824745
341,22/11/2007,1.3426532314107045
342,23/11/2007,1.7505295343988854
343,24/11/2007,1.319544127866576
344,25/11/2007,0.9696094510076451
345,26/11/2007,1.0904933981931904
346,27/11/2007,1.9453759555246684
347,28/11/2007,1.1428394718554562
348,29/11/2007,1.195276773296245
349,30/11/2007,1.6201097984711648
350,1/12/2007,2.1766421125781807
351,2/12/2007,2.0470632383599696
352,3/12/2007,1.223539958304378
353,4/12/2007,1.4364683808200154
354,5/12/2007,1.4959152189020142
355,6/12/2007,1.7278165392633777
356,7/12/2007,1.2288436414176516
357,8/12/2007,1.537876302988184
358,9/12/2007,1.580519805420434
359,10/12/2007,1.2219360667129966
360,11/12/2007,1.6016775538568422
361,12/12/2007,1.1034232105628912
362,13/12/2007,1.2837943015983322
363,14/12/2007,1.3720166782487837
364,15/12/2007,1.900478109798468
365,16/12/2007,1.9193398193189648
366,17/12/2007,1.249478442280947
367,18/12/2007,1.8214343293954158
368,19/12/2007,1.5256469770674086
369,20/12/2007,1.3547852675469072
370,21/12/2007,1.3775205003474658
371,22/12/2007,1.8125198054204301
372,23/12/2007,1.6731230020847803
373,24/12/2007,1.5678526754690754
374,25/12/2007,1.871669214732453
375,26/12/2007,1.7929339819318963
376,27/12/2007,1.7594120917303673
377,28/12/2007,2.160828353022929
378,29/12/2007,2.2922390548992335
379,30/12/2007,1.7779638637942992
380,31/12/2007,1.5392036136205696
381,1/1/2008,1.9175886031966662
382,2/1/2008,1.1420027797081305
383,3/1/2008,1.0491841556636543
384,4/1/2008,1.5924530924252946
385,5/1/2008,1.5160792216817234
386,6/1/2008,1.2682029186935355
387,7/1/2008,1.1775302293259213
388,8/1/2008,1.419596942321057
389,9/1/2008,1.2425545517720649
390,10/1/2008,1.3160069492703272
391,11/1/2008,1.1846018068102848
392,12/1/2008,1.9924225156358601
393,13/1/2008,2.0037774687065397
394,14/1/2008,1.4061820708825568
395,15/1/2008,1.866879777623352
396,16/1/2008,1.4839874913134143
397,17/1/2008,1.092264072272413
398,18/1/2008,1.5196358582348866
399,19/1/2008,1.3752911744266856
400,20/1/2008,1.2091313412091726
401,21/1/2008,1.291581653926338
402,22/1/2008,1.615370396108409
403,23/1/2008,1.3079013203613639
404,24/1/2008,1.1422654621264754
405,25/1/2008,1.5562029186935367
406,26/1/2008,1.9686296038915916
407,27/1/2008,1.654464211257817
408,28/1/2008,1.602618485059068
409,29/1/2008,1.8585198054204275
410,30/1/2008,1.1390813064628227
411,31/1/2008,1.356259902710213
412,1/2/2008,1.0637915218902032
413,2/2/2008,2.039452016689846
414,3/2/2008,1.448400277970814
415,4/2/2008,1.1312814454482278
416,5/2/2008,1.7178888116747733
417,6/2/2008,1.160044475330089
418,7/2/2008,1.054486448922861
419,8/2/2008,1.353428769979151
420,9/2/2008,1.4604030576789444
421,10/2/2008,1.5170632383599716
422,11/2/2008,1.1756733842946487
423,12/2/2008,1.3812147324530906
424,13/2/2008,1.3205337039610818
425,14/2/2008,1.114075052119526
426,15/2/2008,1.3930437804030587
427,16/2/2008,1.6301125781792873
428,17/2/2008,1.343299513551076
429,18/2/2008,1.0520583738707416
430,19/2/2008,1.4778693537178569
431,20/2/2008,1.5660639332870054
432,21/2/2008,1.1352314107018762
433,22/2/2008,1.2037831827658105
434,23/2/2008,1.2752707028531665
435,24/2/2008,0.8775455177206383
436,25/2/2008,0.3503822098679634
437,26/2/2008,0.3522640722724108
438,27/2/2008,0.3936803335649759
439,28/2/2008,0.35363863794301603
440,29/2/2008,0.9261695621959677
441,1/3/2008,0.7925684503127163
442,2/3/2008,0.8073134120917318
443,3/3/2008,0.7226462821403752
444,4/3/2008,1.159670604586518
445,5/3/2008,1.4147157748436403
446,6/3/2008,1.7393940236275183
447,7/3/2008,1.2941348158443364
448,8/3/2008,1.5617637248088974
449,9/3/2008,1.08415427380125
450,10/3/2008,1.1241848505906886
451,11/3/2008,1.527897150799167
452,12/3/2008,1.232682418346077
453,13/3/2008,1.16416678248784
454,14/3/2008,1.5356747741487107
455,15/3/2008,1.095196664350244
456,16/3/2008,1.2512731063238354
457,17/3/2008,1.1859457956914503
458,18/3/2008,1.332319666435024
459,19/3/2008,0.9091188325225853
460,20/3/2008,0.870646282140376
461,21/3/2008,1.4357039610840863
462,22/3/2008,1.426054204308548
463,23/3/2008,1.616068102849202
464,24/3/2008,1.372927677329624
465,25/3/2008,1.4005990271021533
466,26/3/2008,1.134928422515637
467,27/3/2008,0.952464211257817
468,28/3/2008,1.310047255038224
469,29/3/2008,1.7152633773453778
470,30/3/2008,1.4912981236970124
471,31/3/2008,0.9563683113273101
472,1/4/2008,1.4793703961084044
473,2/4/2008,1.1752981236970121
474,3/4/2008,0.7840750521195265
475,4/4/2008,1.1331674774148732
476,5/4/2008,1.369225851285617
477,6/4/2008,1.1785142460041695
478,7/4/2008,1.069143849895761
479,8/4/2008,1.845849895760945
480,9/4/2008,0.8467671994440585
481,10/4/2008,1.0243252258512856
482,11/4/2008,1.3040083391243906
483,12/4/2008,1.9436094510076463
484,13/4/2008,1.5514412786657412
485,14/4/2008,1.1036372480889505
486,15/4/2008,1.1605573314801934
487,16/4/2008,1.0344558721334254
488,17/4/2008,0.9697331480194589
489,18/4/2008,1.2938596247394023
490,19/4/2008,1.5658971507991657
491,20/4/2008,1.2446546212647656
492,21/4/2008,0.8086365531619167
493,22/4/2008,1.130768589298125
494,23/4/2008,0.9410284920083387
495,24/4/2008,0.7250993745656727
496,25/4/2008,0.8807407922168154
497,26/4/2008,0.6271924947880464
498,27/4/2008,0.7004725503822097
499,28/4/2008,0.45775816539263564
500,29/4/2008,1.3693175816539278
501,30/4/2008,0.7654190410006972
502,1/5/2008,0.4001111883252264
503,2/5/2008,1.03904933981932
504,3/5/2008,0.8957998610145941
505,4/5/2008,1.0219708130646268
506,5/5/2008,0.9496122307157756
507,6/5/2008,1.2436483669214726
508,7/5/2008,0.81580681028492
509,8/5/2008,1.4701792911744291
510,9/5/2008,1.2140000000000029
511,10/5/2008,1.325699791521891
512,11/5/2008,1.1193078526754658
513,12/5/2008,1.0589520500347458
514,13/5/2008,1.0258443363446823
515,14/5/2008,1.1000125086865882
516,15/5/2008,0.8078485059068794
517,16/5/2008,1.146492693110647
518,17/5/2008,1.1509965253648364
519,18/5/2008,1.253353717859624
520,19/5/2008,0.7156956219596925
521,20/5/2008,1.098746351633081
522,21/5/2008,0.920019457956913
523,22/5/2008,0.6786810284920066
524,23/5/2008,1.0316761640027796
525,24/5/2008,1.0976942321056278
526,25/5/2008,1.4233217512161218
527,26/5/2008,0.8959972202918688
528,27/5/2008,1.1872119527449603
529,28/5/2008,0.7742612925642807
530,29/5/2008,0.7886198749131355
531,30/5/2008,0.9707435719249493
532,31/5/2008,1.1399944405837394
533,1/6/2008,1.2847185545517719
534,2/6/2008,0.7462515635858229
535,3/6/2008,1.1101779013203628
536,4/6/2008,1.1039805420430835
537,5/6/2008,0.7781598332175119
538,6/6/2008,0.8458832522585121
539,7/6/2008,1.3078665740097282
540,8/6/2008,1.0716358582348866
541,9/6/2008,0.921109103544129
542,10/6/2008,0.741437109103542
543,11/6/2008,0.7803502432244622
544,12/6/2008,0.8750104239054912
545,13/6/2008,1.303166898470098
546,14/6/2008,0.9620138985406526
547,15/6/2008,1.5901209173036839
548,16/6/2008,0.9053592772758856
549,17/6/2008,0.7955580264072282
550,18/6/2008,1.3148797776233492
551,19/6/2008,1.1034996525364826
552,20/6/2008,1.1641626129256453
553,21/6/2008,1.2050382209867971
554,22/6/2008,1.0883752605976358
555,23/6/2008,0.8698068102849214
556,24/6/2008,1.2190062543432905
557,25/6/2008,0.8766504517025714
558,26/6/2008,0.7334593467685887
559,27/6/2008,1.2189589993050718
560,28/6/2008,0.8392939541348164
561,29/6/2008,0.5194676858929815
562,30/6/2008,0.558016678248785
563,1/7/2008,0.8442918693537177
564,2/7/2008,0.7970284920083385
565,3/7/2008,0.7630479499652537
566,4/7/2008,0.6535844336344713
567,5/7/2008,1.0206810284920083
568,6/7/2008,1.2539374565670596
569,7/7/2008,0.683184155663655
570,8/7/2008,0.7824628214037525
571,9/7/2008,0.6387616400277971
572,10/7/2008,0.8693870743571923
573,11/7/2008,0.8705476025017367
574,12/7/2008,0.9233273106323859
575,13/7/2008,0.8720347947112058
576,14/7/2008,0.7906518415566369
577,15/7/2008,0.802722724113969
578,16/7/2008,0.7481195274496172
579,17/7/2008,0.9159944405837378
580,18/7/2008,0.876543432939542
581,19/7/2008,0.9328492008339115
582,20/7/2008,0.654191799861014
583,21/7/2008,0.8034426685198045
584,22/7/2008,0.5142209867963875
585,23/7/2008,0.6547449617790136
586,24/7/2008,0.759694232105627
587,25/7/2008,0.6013773453787374
588,26/7/2008,0.566621264767199
589,27/7/2008,0.7971619179986075
590,28/7/2008,0.5735621959694218
591,29/7/2008,0.8095788742182063
592,30/7/2008,0.9031841556636563
593,31/7/2008,0.9674357192494795
594,1/8/2008,0.5138443363446855
595,2/8/2008,0.35133148019458005
596,3/8/2008,0.35060041695621946
597,4/8/2008,0.7814784422809457
598,5/8/2008,0.5746657400972907
599,6/8/2008,0.2265059068797775
600,7/8/2008,0.2326045865184149
601,8/8/2008,0.20988186240444745
602,9/8/2008,0.24931619179985984
603,10/8/2008,0.24441695621959755
604,11/8/2008,0.25827797081306325
605,12/8/2008,0.20076719944405907
606,13/8/2008,0.19625017373175765
607,14/8/2008,0.18775399583043856
608,15/8/2008,0.1899986101459343
609,16/8/2008,0.19085059068797694
610,17/8/2008,0.19090618485059088
611,18/8/2008,0.19018346073662268
612,19/8/2008,0.1907671994440588
613,20/8/2008,0.18651285615010366
614,21/8/2008,0.18152605976372468
615,22/8/2008,0.18545378735232804
616,23/8/2008,0.1767324530924243
617,24/8/2008,0.1769492703266159
618,25/8/2008,0.17388325225851256
619,26/8/2008,0.1788756080611523
620,27/8/2008,0.1792592077831826
621,28/8/2008,0.18630159833217474
622,29/8/2008,0.1858290479499655
623,30/8/2008,0.18786796386379503
624,31/8/2008,1.0426536856745492
625,1/9/2008,0.8664822793606671
626,2/9/2008,0.9616733842946479
627,3/9/2008,0.9645851285615014
628,4/9/2008,0.8511744266851993
629,5/9/2008,0.6072105628908975
630,6/9/2008,1.2980389159138297
631,7/9/2008,0.9537039610840866
632,8/9/2008,0.9080486448922874
633,9/9/2008,0.8057665045170274
634,10/9/2008,0.9037692842251565
635,11/9/2008,0.7147157748436418
636,12/9/2008,0.967218902015286
637,13/9/2008,1.1333217512161236
638,14/9/2008,1.09507296733843
639,15/9/2008,1.1794996525364831
640,16/9/2008,0.8489312022237671
641,17/9/2008,1.055630298818624
642,18/9/2008,1.0450882557331482
643,19/9/2008,1.0550382209867952
644,20/9/2008,0.9064892286309929
645,21/9/2008,1.0651507991660878
646,22/9/2008,0.9439888811674774
647,23/9/2008,0.8564725503822086
648,24/9/2008,1.1939527449617804
649,25/9/2008,0.7860083391243912
650,26/9/2008,0.9946490618485063
651,27/9/2008,1.4766532314107004
652,28/9/2008,1.2027630298818608
653,29/9/2008,1.0433384294649068
654,30/9/2008,0.955284225156359
655,1/10/2008,1.3001765114662942
656,2/10/2008,0.9344781097984699
657,3/10/2008,1.11894510076442
658,4/10/2008,1.4594468380820025
659,5/10/2008,1.0760806115357895
660,6/10/2008,0.9889478804725544
661,7/10/2008,1.1994913134120895
662,8/10/2008,1.2927268936761622
663,9/10/2008,1.3781556636553172
664,10/10/2008,1.0548102849200842
665,11/10/2008,1.1598415566365539
666,12/10/2008,1.325644197359278
667,13/10/2008,1.0157484364141758
668,14/10/2008,1.1178457261987493
669,15/10/2008,1.4985587213342595
670,16/10/2008,1.1003196664350252
671,17/10/2008,1.2971785962473956
672,18/10/2008,1.5537261987491322
673,19/10/2008,1.370108408617095
674,20/10/2008,1.158468380820013
675,21/10/2008,1.433961084086174
676,22/10/2008,1.1436678248783905
677,23/10/2008,1.2717567755385693
678,24/10/2008,1.482006949270326
679,25/10/2008,1.0909355300859604
680,26/10/2008,0.36357192494787965
681,27/10/2008,0.36386657400972877
682,28/10/2008,0.9212411396803318
683,29/10/2008,1.1201459346768605
684,30/10/2008,0.7623015983321744
685,31/10/2008,0.8931396803335636
686,1/11/2008,0.5767644197359255
687,2/11/2008,0.632512856150104
688,3/11/2008,0.5888394718554543
689,4/11/2008,1.0854204308547601
690,5/11/2008,2.1783113273106305
691,6/11/2008,1.1035760945100765
692,7/11/2008,1.125021542738013
693,8/11/2008,1.2031104933981933
694,9/11/2008,1.7916094510076437
695,10/11/2008,1.4592226099092802
696,11/11/2008,1.7050743571924944
697,12/11/2008,1.5213305497564364
698,13/11/2008,0.8604252953439885
699,14/11/2008,1.1266810284920072
700,15/11/2008,2.1041834607366234
701,16/11/2008,1.643394023627521
702,17/11/2008,1.0585503822098685
703,18/11/2008,1.2152147324530902
704,19/11/2008,1.2785906879777615
705,20/11/2008,1.1757470465601114
706,21/11/2008,1.1630076441973596
707,22/11/2008,1.1887505211952738
708,23/11/2008,2.366119610570235
709,24/11/2008,2.2315816539263382
710,25/11/2008,1.8781348158443356
711,26/11/2008,1.0527588603196663
712,27/11/2008,1.6413523280055582
713,28/11/2008,1.310401667824879
714,29/11/2008,1.6897762334954816
715,30/11/2008,1.668476719944406
716,1/12/2008,1.1231063238360013
717,2/12/2008,1.246050034746353
718,3/12/2008,1.2194690757470452
719,4/12/2008,1.2075802640722713
720,5/12/2008,1.4295107713690067
721,6/12/2008,1.7528339124391892
722,7/12/2008,1.7130882557331497
723,8/12/2008,1.2984155663655303
724,9/12/2008,1.3918790826963165
725,10/12/2008,1.5417823228634049
726,11/12/2008,0.9952397498262702
727,12/12/2008,1.261516330785268
728,13/12/2008,1.2684252953439874
729,14/12/2008,1.3911341209173056
730,15/12/2008,1.2474676858929812
731,16/12/2008,1.248657400972897
732,17/12/2008,1.4583085476025
733,18/12/2008,1.2066323835997195
734,19/12/2008,1.3076414176511466
735,20/12/2008,1.5567872044506246
736,21/12/2008,1.836774148714385
737,22/12/2008,1.3997248088950662
738,23/12/2008,1.2493842946490614
739,24/12/2008,0.8819193884642132
740,25/12/2008,0.7372522585128558
741,26/12/2008,0.8497123002084775
742,27/12/2008,2.06394579569145
743,28/12/2008,1.0905670604586526
744,29/12/2008,0.3857275886031965
745,30/12/2008,0.8304405837387062
746,31/12/2008,1.364632383599722
747,1/1/2009,0.9738971507991662
748,2/1/2009,1.6172397498262703
749,3/1/2009,1.3294523974982655
750,4/1/2009,1.3479374565670599
751,5/1/2009,1.1144586518415582
752,6/1/2009,1.174070882557331
753,7/1/2009,1.4454426685198067
754,8/1/2009,1.1346337734537888
755,9/1/2009,1.2428686587908262
756,10/1/2009,1.4612341904100081
757,11/1/2009,1.3728172341904112
758,12/1/2009,1.1042487838776922
759,13/1/2009,1.5157929117442692
760,14/1/2009,1.2350904033379726
761,15/1/2009,1.086597637248088
762,16/1/2009,1.9209423210562884
763,17/1/2009,2.3044294649061876
764,18/1/2009,2.1908742182070906
765,19/1/2009,1.1809673384294648
766,20/1/2009,1.2075455177206393
767,21/1/2009,1.2085823488533696
768,22/1/2009,0.8596330785267519
769,23/1/2009,1.3274940931202215
770,24/1/2009,1.5279193884642113
771,25/1/2009,1.9757804030576758
772,26/1/2009,1.1633287004864505
773,27/1/2009,0.9899624739402366
774,28/1/2009,1.891131341209171
775,29/1/2009,1.0934426685198064
776,30/1/2009,1.4298707435719251
777,31/1/2009,2.300016678248783
778,1/2/2009,1.2898358315488934
779,2/2/2009,1.1139263377345379
780,3/2/2009,1.2981181375955528
781,4/2/2009,1.7096164002779732
782,5/2/2009,1.1457289784572622
783,6/2/2009,1.4215205003474618
784,7/2/2009,2.1744503127171617
785,8/2/2009,1.5166824183460679
786,9/2/2009,1.1856316886726879
787,10/2/2009,1.3497804030576803
788,11/2/2009,1.8340027797081326
789,12/2/2009,1.3678582348853356
790,13/2/2009,1.1741917998610139
791,14/2/2009,1.6221906750174004
792,15/2/2009,1.101959694232102
793,16/2/2009,0.9164614315496853
794,17/2/2009,0.5521272084805647
795,18/2/2009,0.5740389159138283
796,19/2/2009,0.5120639332870038
797,20/2/2009,1.3060500347463517
798,21/2/2009,0.9143071577484357
799,22/2/2009,1.5542821403752594
800,23/2/2009,1.8987102154273803
801,24/2/2009,1.2389798471160542
802,25/2/2009,0.812804725503823
803,26/2/2009,0.803724808895065
804,27/2/2009,1.4096956219596954
805,28/2/2009,1.1322807505211934
806,1/3/2009,1.715760778859529
807,2/3/2009,1.0264656011118831
808,3/3/2009,1.2847074357192483
809,4/3/2009,1.2798109798471158
810,5/3/2009,1.0016970118137598
811,6/3/2009,1.2391313412091707
812,7/3/2009,1.1785545517720637
813,8/3/2009,1.6378179291174413
814,9/3/2009,1.1711355107713672
815,10/3/2009,1.2750562890896469
816,11/3/2009,1.6716511466296018
817,12/3/2009,1.3113564975677554
818,13/3/2009,1.004311327310632
819,14/3/2009,1.492233495482973
820,15/3/2009,1.3492828353022945
821,16/3/2009,0.9279916550764946
822,17/3/2009,1.3423571924947875
823,18/3/2009,1.0079110493398171
824,19/3/2009,0.8270132036136197
825,20/3/2009,1.0170882557331486
826,21/3/2009,1.3407588603196645
827,22/3/2009,1.1735788742182065
828,23/3/2009,0.9007491313412093
829,24/3/2009,1.1546143154968724
830,25/3/2009,1.277585823488534
831,26/3/2009,0.8412925642807522
832,27/3/2009,1.1907977762334938
833,28/3/2009,1.570985406532311
834,29/3/2009,1.5400319666435038
835,30/3/2009,1.026478109798471
836,31/3/2009,1.2667199444058364
837,1/4/2009,1.1402029186935325
838,2/4/2009,1.142423905489926
839,3/4/2009,0.947152189020154
840,4/4/2009,1.5217178596247372
841,5/4/2009,0.9556970118137625
842,6/4/2009,1.0085142460041707
843,7/4/2009,1.0004127866574029
844,8/4/2009,1.0661904100069501
845,9/4/2009,1.3135232800555943
846,10/4/2009,1.2798248783877684
847,11/4/2009,1.710093120222375
848,12/4/2009,1.486888116747742
849,13/4/2009,1.1121336116910232
850,14/4/2009,1.0431007644197359
851,15/4/2009,0.8443544127866565
852,16/4/2009,1.0862960389159146
853,17/4/2009,1.4181917998610154
854,18/4/2009,1.0505976372480923
855,19/4/2009,0.8935858234885331
856,20/4/2009,1.032611535788743
857,21/4/2009,1.3163196664350232
858,22/4/2009,1.0393134120917291
859,23/4/2009,0.792888116747741
860,24/4/2009,0.8295107713690066
861,25/4/2009,1.404618485059066
862,26/4/2009,1.2378790826963177
863,27/4/2009,0.938269631688673
864,28/4/2009,1.1854496177901326
865,29/4/2009,1.1563988881167475
866,30/4/2009,1.2740389159138321
867,1/5/2009,1.0511063238359957
868,2/5/2009,0.9683697011813748
869,3/5/2009,1.1170952050034748
870,4/5/2009,1.1587491313412066
871,5/5/2009,1.2030423905489889
872,6/5/2009,0.9375733148019458
873,7/5/2009,0.7032564280750512
874,8/5/2009,1.2903238359972204
875,9/5/2009,0.8762751911049359
876,10/5/2009,1.3672322670375503
877,11/5/2009,1.0540264072272407
878,12/5/2009,1.129653926337736
879,13/5/2009,0.8658790826963161
880,14/5/2009,1.1161987491313403
881,15/5/2009,0.988148714384991
882,16/5/2009,1.3937706740792224
883,17/5/2009,1.0725726198749126
884,18/5/2009,0.840547602501738
885,19/5/2009,1.123520500347464
886,20/5/2009,0.90819874913134
887,21/5/2009,1.093300903405143
888,22/5/2009,0.7466963168867263
889,23/5/2009,1.063011813759555
890,24/5/2009,0.8945976372480882
891,25/5/2009,0.9408005559416256
892,26/5/2009,0.9305640668523686
893,27/5/2009,1.0725100764419726
894,28/5/2009,0.8195983321751211
895,29/5/2009,0.8635205003474629
896,30/5/2009,1.1515788742182096
897,31/5/2009,0.6648714384989581
898,1/6/2009,1.0028102849200822
899,2/6/2009,0.7572063933287013
900,3/6/2009,0.9425698401667834
901,4/6/2009,0.7194788047255045
902,5/6/2009,0.8547421820708819
903,6/6/2009,1.0246282140375274
904,7/6/2009,0.8388686587908276
905,8/6/2009,0.8189576094510077
906,9/6/2009,0.9260597637248094
907,10/6/2009,1.1132564280750505
908,11/6/2009,0.9036372480889483
909,12/6/2009,0.7653453787352321
910,13/6/2009,0.4739333333333332
911,14/6/2009,
912,15/6/2009,0.7843048780487822
913,16/6/2009,1.048333564975678
914,17/6/2009,0.6863766504517027
915,18/6/2009,0.8095455177206399
916,19/6/2009,0.7546031966643529
917,20/6/2009,0.7683905489923575
918,21/6/2009,0.594000000000001
919,22/6/2009,0.7602043085476032
920,23/6/2009,0.7211243919388476
921,24/6/2009,1.0664225156358595
922,25/6/2009,0.5358874218207103
923,26/6/2009,0.8866893676164022
924,27/6/2009,1.1874426685198047
925,28/6/2009,0.7358999305072952
926,29/6/2009,0.7017915218902016
927,30/6/2009,0.8285281445448227
928,1/7/2009,0.8464002779708143
929,2/7/2009,0.8627658095899919
930,3/7/2009,0.6003057678943722
931,4/7/2009,0.8599305072967328
932,5/7/2009,0.9802070882557349
933,6/7/2009,0.6629200833912444
934,7/7/2009,0.7712508686587897
935,8/7/2009,0.8575983321751219
936,9/7/2009,0.5876177901320373
937,10/7/2009,0.8270341463414611
938,11/7/2009,0.6906448922863099
939,12/7/2009,0.35666990965948603
940,13/7/2009,0.34492981236970177
941,14/7/2009,0.6331577484364135
942,15/7/2009,0.49878804725503606
943,16/7/2009,0.4159916608756109
944,17/7/2009,0.5083919388464238
945,18/7/2009,0.6704961779013197
946,19/7/2009,0.8363516330785287
947,20/7/2009,0.460145934676861
948,21/7/2009,0.5652786657400981
949,22/7/2009,0.5128200138985414
950,23/7/2009,0.7156817234190392
951,24/7/2009,0.39022098679638606
952,25/7/2009,0.37285615010424045
953,26/7/2009,0.37707296733843076
954,27/7/2009,0.4782849200833904
955,28/7/2009,0.6271716469770666
956,29/7/2009,0.6266699096594873
957,30/7/2009,0.5500847810979848
958,31/7/2009,0.6778596247394026
959,1/8/2009,0.49107435719249476
960,2/8/2009,0.3402265462126468
961,3/8/2009,0.34752605976372486
962,4/8/2009,0.3534760250173725
963,5/8/2009,0.3602807505211944
964,6/8/2009,0.37001806810285
965,7/8/2009,0.3746087560806114
966,8/8/2009,0.36570118137595525
967,9/8/2009,0.6934732453092421
968,10/8/2009,0.7423766504517029
969,11/8/2009,0.6606699096594851
970,12/8/2009,0.5727463516330789
971,13/8/2009,1.1068065693430658
972,14/8/2009,0.5200945100764411
973,15/8/2009,1.0510368311327323
974,16/8/2009,0.8459513551077129
975,17/8/2009,0.5457901320361365
976,18/8/2009,0.7506629603891588
977,19/8/2009,0.6118443363446822
978,20/8/2009,0.5387282835302293
979,21/8/2009,0.80526615705351
980,22/8/2009,1.075993050729674
981,23/8/2009,0.7410646282140375
982,24/8/2009,0.8697289784572626
983,25/8/2009,0.6554857539958304
984,26/8/2009,0.7895469075747034
985,27/8/2009,0.5205670604586509
986,28/8/2009,0.7773648366921458
987,29/8/2009,0.9643933287004872
988,30/8/2009,1.1591230020847794
989,31/8/2009,0.8791563585823468
990,1/9/2009,0.6811452397498257
991,2/9/2009,0.8493856845031273
992,3/9/2009,0.869352328005559
993,4/9/2009,0.7116108408617097
994,5/9/2009,1.0517817929117452
995,6/9/2009,0.8535969423210572
996,7/9/2009,0.847974982626825
997,8/9/2009,0.7546018068102845
998,9/9/2009,1.0570410006949278
999,10/9/2009,0.7727004864489221
1000,11/9/2009,0.8435788742182074
1001,12/9/2009,1.434322446143153
1002,13/9/2009,1.0907315716272603
1003,14/9/2009,1.09340514246004
1004,15/9/2009,1.0121959694232117
1005,16/9/2009,1.2104016678248766
1006,17/9/2009,0.8500458651841534
1007,18/9/2009,0.9545809589993064
1008,19/9/2009,1.4827797081306449
1009,20/9/2009,1.4141904100069491
1010,21/9/2009,0.9851160528144541
1011,22/9/2009,0.8659916608756062
1012,23/9/2009,1.1371216122307162
1013,24/9/2009,0.990974287699791
1014,25/9/2009,0.806301598332176
1015,26/9/2009,1.0810701876302997
1016,27/9/2009,0.9792564280750525
1017,28/9/2009,0.9028630993745671
1018,29/9/2009,0.7965170257122993
1019,30/9/2009,1.2334822546972835
1020,1/10/2009,0.8944086170952047
1021,2/10/2009,0.8007783182765806
1022,3/10/2009,1.1927380125086844
1023,4/10/2009,1.1262710215427398
1024,5/10/2009,0.8860000000000001
1025,6/10/2009,0.9924211257817941
1026,7/10/2009,1.2658568450312702
1027,8/10/2009,1.095734537873524
1028,9/10/2009,0.9391591382904787
1029,10/10/2009,1.398444753300905
1030,11/10/2009,1.3476745479833085
1031,12/10/2009,0.9389270326615713
1032,13/10/2009,1.0068144544822788
1033,14/10/2009,1.1888394718554558
1034,15/10/2009,1.035170257123002
1035,16/10/2009,1.0538485059068812
1036,17/10/2009,1.9042015288394736
1037,18/10/2009,1.0811216122307166
1038,19/10/2009,0.9511883252258523
1039,20/10/2009,1.1969631688672686
1040,21/10/2009,1.3684530924252956
1041,22/10/2009,0.9724794996525358
1042,23/10/2009,1.221068797776233
1043,24/10/2009,1.8148714384989566
1044,25/10/2009,1.6721278665740094
1045,26/10/2009,0.7727949965253644
1046,27/10/2009,0.7758624044475327
1047,28/10/2009,0.8813356497567773
1048,29/10/2009,1.375139680333565
1049,30/10/2009,1.0376205698401664
1050,31/10/2009,1.3034398888116747
1051,1/11/2009,1.279874913134123
1052,2/11/2009,1.044364141765115
1053,3/11/2009,1.574939541348158
1054,4/11/2009,1.25195274496178
1055,5/11/2009,1.084251563585824
1056,6/11/2009,0.9659916608756077
1057,7/11/2009,1.0817762334954844
1058,8/11/2009,1.741883252258514
1059,9/11/2009,0.9766383866481233
1060,10/11/2009,1.1158985406532294
1061,11/11/2009,1.4170979847116052
1062,12/11/2009,1.0164669909659505
1063,13/11/2009,1.0650479499652545
1064,14/11/2009,1.7779402362751908
1065,15/11/2009,1.3668075052119528
1066,16/11/2009,1.0522696316886708
1067,17/11/2009,1.1869214732453106
1068,18/11/2009,1.8330173731758181
1069,19/11/2009,1.0246865879082694
1070,20/11/2009,1.362183460736623
1071,21/11/2009,1.73355385684503
1072,22/11/2009,1.703053509381512
1073,23/11/2009,1.0220722724113998
1074,24/11/2009,1.4791605281445461
1075,25/11/2009,1.375009034051425
1076,26/11/2009,1.1113314801945802
1077,27/11/2009,0.9588269631688664
1078,28/11/2009,1.2913773453787336
1079,29/11/2009,1.1470924252953432
1080,30/11/2009,1.2124878387769276
1081,1/12/2009,1.219965253648364
1082,2/12/2009,1.6295149409312002
1083,3/12/2009,1.0280611535788746
1084,4/12/2009,1.1889409312022239
1085,5/12/2009,1.6327241139680335
1086,6/12/2009,1.6524933981931889
1087,7/12/2009,1.2107449617790131
1088,8/12/2009,1.3944266851980567
1089,9/12/2009,1.2522793606671283
1090,10/12/2009,1.429344467640921
1091,11/12/2009,1.2397192494788045
1092,12/12/2009,1.2612105628908963
1093,13/12/2009,1.4861403752605946
1094,14/12/2009,1.2469492703266165
1095,15/12/2009,1.3480681028492032
1096,16/12/2009,0.9691521890201534
1097,17/12/2009,1.1930187630298796
1098,18/12/2009,1.2121820708825561
1099,19/12/2009,1.5316483669214742
1100,20/12/2009,0.7949325920778313
1101,21/12/2009,1.413845726198749
1102,22/12/2009,1.3110437804030588
1103,23/12/2009,1.0110451702571221
1104,24/12/2009,2.0174412786657396
1105,25/12/2009,1.4775330090340515
1106,26/12/2009,1.5164350243224434
1107,27/12/2009,1.5253634468380837
1108,28/12/2009,1.4550076441973585
1109,29/12/2009,1.422882557331481
1110,30/12/2009,1.7031035441278686
1111,31/12/2009,1.5358582348853385
1112,1/1/2010,0.8504280750521186
1113,2/1/2010,0.9098247566063976
1114,3/1/2010,1.447633078526754
1115,4/1/2010,1.1144614315496895
1116,5/1/2010,1.5423669214732474
1117,6/1/2010,1.2346963168867258
1118,7/1/2010,1.22933425990271
1119,8/1/2010,1.248682418346074
1120,9/1/2010,1.6227366226546234
1121,10/1/2010,1.7430243224461421
1122,11/1/2010,1.05520083391244
1123,12/1/2010,1.4362127659574468
1124,13/1/2010,
1125,14/1/2010,2.0814276094276063
1126,15/1/2010,1.5263141070187634
1127,16/1/2010,1.4931633078526767
1128,17/1/2010,1.323862404447535
1129,18/1/2010,1.30625295343989
1130,19/1/2010,1.6908408617095179
1131,20/1/2010,1.6339819318971518
1132,21/1/2010,1.4844711605281435
1133,22/1/2010,1.2425628908964568
1134,23/1/2010,1.8130180806675942
1135,24/1/2010,1.576853370396112
1136,25/1/2010,1.3403641417651135
1137,26/1/2010,1.4356900625434328
1138,27/1/2010,1.9175274496177908
1139,28/1/2010,1.465405142460041
1140,29/1/2010,1.4534551772063933
1141,30/1/2010,1.9752883947185549
1142,31/1/2010,1.250084781097986
1143,1/2/2010,1.1757873523280056
1144,2/2/2010,1.4981195274496186
1145,3/2/2010,2.0164364141765088
1146,4/2/2010,1.6085170257122998
1147,5/2/2010,1.4560458651841557
1148,6/2/2010,1.8842585128561513
1149,7/2/2010,1.1294523974982618
1150,8/2/2010,1.7933981931897156
1151,9/2/2010,1.6812647671994416
1152,10/2/2010,1.3520111265646704
1153,11/2/2010,0.9517109103544136
1154,12/2/2010,1.3153217512161235
1155,13/2/2010,1.633074357192492
1156,14/2/2010,1.1719401947148822
1157,15/2/2010,1.4571230020847818
1158,16/2/2010,1.2490215427380098
1159,17/2/2010,1.4274704656011135
1160,18/2/2010,1.223695621959696
1161,19/2/2010,1.3565267546907578
1162,20/2/2010,1.378355802640724
1163,21/2/2010,1.9032536483669238
1164,22/2/2010,1.0241737317581636
1165,23/2/2010,1.015224461431551
1166,24/2/2010,1.330105628908965
1167,25/2/2010,1.3060653231410704
1168,26/2/2010,1.4723474635163292
1169,27/2/2010,1.2262084781097997
1170,28/2/2010,0.4942835302293256
1171,1/3/2010,0.9022112578179297
1172,2/3/2010,0.5322487838776921
1173,3/3/2010,0.6500277970813065
1174,4/3/2010,0.4741681723419033
1175,5/3/2010,0.7874704656011118
1176,6/3/2010,0.5518943710910345
1177,7/3/2010,0.9532147324530922
1178,8/3/2010,1.7767463516330813
1179,9/3/2010,1.222831132731063
1180,10/3/2010,1.2663266157053512
1181,11/3/2010,1.3548311327310618
1182,12/3/2010,1.1432258512856135
1183,13/3/2010,1.6549659485753985
1184,14/3/2010,1.0884252953439892
1185,15/3/2010,1.244949270326613
1186,16/3/2010,1.0718248783877697
1187,17/3/2010,1.3960291869353725
1188,18/3/2010,1.0856108408617104
1189,19/3/2010,1.1554829742877006
1190,20/3/2010,0.5678103448275852
1191,21/3/2010,1.477138709677421
1192,22/3/2010,1.1245615010423915
1193,23/3/2010,1.2660903405142458
1194,24/3/2010,1.3858471160528172
1195,25/3/2010,1.1672328005559425
1196,26/3/2010,1.1469159138290463
1197,27/3/2010,1.2833842946490623
1198,28/3/2010,1.2490271021542731
1199,29/3/2010,1.1272772758860314
1200,30/3/2010,1.3245990271021548
1201,31/3/2010,1.336597637248087
1202,1/4/2010,1.1717150799166096
1203,2/4/2010,1.145462126476721
1204,3/4/2010,1.2543738707435732
1205,4/4/2010,1.1744197359277286
1206,5/4/2010,0.7772647671994446
1207,6/4/2010,1.2685267546907586
1208,7/4/2010,1.1095010423905487
1209,8/4/2010,1.1458512856150098
1210,9/4/2010,0.8568422515635862
1211,10/4/2010,0.8261320361362069
1212,11/4/2010,1.1143769123783047
1213,12/4/2010,1.0001362056984004
1214,13/4/2010,1.050970118137595
1215,14/4/2010,1.153501042390548
1216,15/4/2010,1.3007102154273824
1217,16/4/2010,1.0851452397498265
1218,17/4/2010,1.0816525364836689
1219,18/4/2010,1.0255413481584434
1220,19/4/2010,1.1871772063933288
1221,20/4/2010,1.2735886031966637
1222,21/4/2010,1.097305072967339
1223,22/4/2010,1.0149576094510084
1224,23/4/2010,0.8202168172341888
1225,24/4/2010,1.0540458651841536
1226,25/4/2010,1.0718582348853398
1227,26/4/2010,0.7518846421125772
1228,27/4/2010,0.8690159833217511
1229,28/4/2010,0.602729673384296
1230,29/4/2010,0.766788047255037
1231,30/4/2010,0.7771243919388462
1232,1/5/2010,0.9171104933981927
1233,2/5/2010,1.5202154273801212
1234,3/5/2010,0.9805239749826274
1235,4/5/2010,1.0539096594857515
1236,5/5/2010,1.2543335649756788
1237,6/5/2010,0.9027213342599038
1238,7/5/2010,1.141577484364141
1239,8/5/2010,1.0652689367616417
1240,9/5/2010,1.0884280750521207
1241,10/5/2010,1.0191591382904788
1242,11/5/2010,1.0918179291174441
1243,12/5/2010,1.4142237665045174
1244,13/5/2010,1.079418636995828
1245,14/5/2010,1.1964530924252943
1246,15/5/2010,1.3500041695621965
1247,16/5/2010,1.4585962473940208
1248,17/5/2010,1.131221681723419
1249,18/5/2010,0.9873078526754707
1250,19/5/2010,0.9911049339819333
1251,20/5/2010,0.8010924252953444
1252,21/5/2010,0.8992647671994444
1253,22/5/2010,1.4559735927727593
1254,23/5/2010,1.0335038220986805
1255,24/5/2010,0.9318846421125785
1256,25/5/2010,0.8327671994440559
1257,26/5/2010,0.9643141070187611
1258,27/5/2010,0.9187463516330776
1259,28/5/2010,0.9710076441973606
1260,29/5/2010,1.4238763029881878
1261,30/5/2010,1.1572995135510775
1262,31/5/2010,0.9312967338429466
1263,1/6/2010,0.8815455177206386
1264,2/6/2010,0.681421820708826
1265,3/6/2010,0.9685906879777637
1266,4/6/2010,0.9863766504517038
1267,5/6/2010,1.3936803335649763
1268,6/6/2010,1.2136316886726926
1269,7/6/2010,0.7031480194579557
1270,8/6/2010,0.9463419041000704
1271,9/6/2010,1.0663168867268942
1272,10/6/2010,0.8442307157748433
1273,11/6/2010,1.021243919388462
1274,12/6/2010,1.3713393602225303
1275,13/6/2010,1.1632814454482265
1276,14/6/2010,0.8459902710215423
1277,15/6/2010,0.8497734537873505
1278,16/6/2010,1.2278999305072975
1279,17/6/2010,0.7139054899235585
1280,18/6/2010,0.9253759555246692
1281,19/6/2010,0.9831994440583739
1282,20/6/2010,1.1620778318276577
1283,21/6/2010,1.1538123697011842
1284,22/6/2010,1.0565309242529535
1285,23/6/2010,1.0019124391938845
1286,24/6/2010,0.7613092425295336
1287,25/6/2010,0.7637498262682415
1288,26/6/2010,0.6819485753995823
1289,27/6/2010,0.791949965253648
1290,28/6/2010,1.0218888116747744
1291,29/6/2010,0.9502225312934649
1292,30/6/2010,0.9592814454482265
1293,1/7/2010,0.9369881862404457
1294,2/7/2010,0.7926365531619188
1295,3/7/2010,0.7772703266157039
1296,4/7/2010,1.0683419041000721
1297,5/7/2010,0.773685892981237
1298,6/7/2010,0.6984517025712305
1299,7/7/2010,0.5798234885337037
1300,8/7/2010,0.8418359972202911
1301,9/7/2010,0.7522988186240444
1302,10/7/2010,0.802125086865881
1303,11/7/2010,0.8268200138985417
1304,12/7/2010,0.7708158443363462
1305,13/7/2010,0.9602376650451708
1306,14/7/2010,0.976186240444755
1307,15/7/2010,1.1352030598052831
1308,16/7/2010,0.569341209173037
1309,17/7/2010,0.560091730368311
1310,18/7/2010,0.5638346073662269
1311,19/7/2010,0.5565059068797777
1312,20/7/2010,0.5945059068797784
1313,21/7/2010,0.7376122307157739
1314,22/7/2010,0.8089492703266139
1315,23/7/2010,0.8168450312717184
1316,24/7/2010,0.6398207088255748
1317,25/7/2010,0.7850340514246003
1318,26/7/2010,0.6130465601111886
1319,27/7/2010,0.6606045865184144
1320,28/7/2010,0.5993078526754692
1321,29/7/2010,0.38141765114662923
1322,30/7/2010,0.382929812369702
1323,31/7/2010,0.38531202223766603
1324,1/8/2010,0.3859708130646278
1325,2/8/2010,0.3816747741487143
1326,3/8/2010,0.4273537178596258
1327,4/8/2010,0.37736900625434344
1328,5/8/2010,0.37058234885337066
1329,6/8/2010,0.36450034746351717
1330,7/8/2010,0.3664489228630997
1331,8/8/2010,0.3671313412091731
1332,9/8/2010,0.37166087560806205
1333,10/8/2010,0.37845726198749186
1334,11/8/2010,0.37647949965253785
1335,12/8/2010,0.36792216817234236
1336,13/8/2010,0.3704419735927738
1337,14/8/2010,0.3843516330785285
1338,15/8/2010,0.7336997915218907
1339,16/8/2010,0.7845601111883268
1340,17/8/2010,0.7751204437400949
1341,18/8/2010,
1342,19/8/2010,
1343,20/8/2010,
1344,21/8/2010,
1345,22/8/2010,0.616953642384106
1346,23/8/2010,0.5319318971507996
1347,24/8/2010,0.5022084781097965
1348,25/8/2010,0.6811202223766504
1349,26/8/2010,0.5255107713690065
1350,27/8/2010,1.410899235580264
1351,28/8/2010,1.002293259207785
1352,29/8/2010,1.1592369701181382
1353,30/8/2010,1.0385642807505218
1354,31/8/2010,0.9477956914523965
1355,1/9/2010,1.1070326615705344
1356,2/9/2010,0.9673829047949973
1357,3/9/2010,0.9351507991660879
1358,4/9/2010,1.2107407922168167
1359,5/9/2010,0.9191813759555265
1360,6/9/2010,0.9885476025017366
1361,7/9/2010,1.0087074357192511
1362,8/9/2010,0.905489923558026
1363,9/9/2010,0.8605503822098683
1364,10/9/2010,0.9221028492008343
1365,11/9/2010,1.0155733148019461
1366,12/9/2010,1.1200430854760255
1367,13/9/2010,0.7478234885337025
1368,14/9/2010,0.9940013898540657
1369,15/9/2010,0.6849437109103548
1370,16/9/2010,0.9304683808200144
1371,17/9/2010,1.040521195274495
1372,18/9/2010,0.8669061848505901
1373,19/9/2010,0.6389520500347459
1374,20/9/2010,1.1689409312022232
1375,21/9/2010,0.772143154968728
1376,22/9/2010,1.0494760250173705
1377,23/9/2010,1.006800555941627
1378,24/9/2010,0.9226309937456553
1379,25/9/2010,0.44917796610169614
1380,26/9/2010,
1381,27/9/2010,
1382,28/9/2010,1.6419020979020968
1383,29/9/2010,1.1701917998610127
1384,30/9/2010,0.8671994440583738
1385,1/10/2010,1.0455191104933987
1386,2/10/2010,1.3361640027797062
1387,3/10/2010,1.2708353022932586
1388,4/10/2010,1.2338804725503831
1389,5/10/2010,1.2881389854065348
1390,6/10/2010,0.9132300208478105
1391,7/10/2010,1.2573120222376652
1392,8/10/2010,1.0493300903405147
1393,9/10/2010,1.1197206393328705
1394,10/10/2010,1.388480889506601
1395,11/10/2010,1.1273467685892997
1396,12/10/2010,1.0975246699096597
1397,13/10/2010,1.4408742182070857
1398,14/10/2010,1.4834107018763056
1399,15/10/2010,1.109072967338428
1400,16/10/2010,0.6946393328700498
1401,17/10/2010,0.7267949965253663
1402,18/10/2010,1.8848881167477416
1403,19/10/2010,1.3377025712300206
1404,20/10/2010,1.2002765809590015
1405,21/10/2010,0.941343988881168
1406,22/10/2010,1.1595774843641402
1407,23/10/2010,1.5925698401667832
1408,24/10/2010,1.6618233657858144
1409,25/10/2010,0.8078054204308541
1410,26/10/2010,0.6563669214732443
1411,27/10/2010,0.8750201528839487
1412,28/10/2010,1.0166893676164004
1413,29/10/2010,0.8363961084086174
1414,30/10/2010,1.4943641417651121
1415,31/10/2010,1.0250618485059055
1416,1/11/2010,0.9603266157053505
1417,2/11/2010,0.8268603196664348
1418,3/11/2010,0.8985545517720636
1419,4/11/2010,1.7754398888116756
1420,5/11/2010,1.206198749131342
1421,6/11/2010,1.2543752605976382
1422,7/11/2010,1.162947880472551
1423,8/11/2010,1.2683127171646984
1424,9/11/2010,1.40465045170257
1425,10/11/2010,1.3524794996525364
1426,11/11/2010,1.2322974287699786
1427,12/11/2010,1.2759791521890176
1428,13/11/2010,1.4046490618485048
1429,14/11/2010,1.4163752605976372
1430,15/11/2010,1.214009728978458
1431,16/11/2010,1.0488617095205017
1432,17/11/2010,1.099111883252259
1433,18/11/2010,1.1479054899235592
1434,19/11/2010,1.0911063238359981
1435,20/11/2010,1.5263891591382932
1436,21/11/2010,0.6258485059068816
1437,22/11/2010,1.4184405837387069
1438,23/11/2010,1.0960389159138288
1439,24/11/2010,1.2479777623349535
1440,25/11/2010,0.9942751911049339
1441,26/11/2010,1.1784247226624402
